{
  "BeyondCorp": "https://en.wikipedia.org/wiki/BeyondCorp",
  "Nobody (username)": "https://en.wikipedia.org/wiki/Nobody_(username)",
  "Spanish Network of Excellence on Cybersecurity Research": "https://en.wikipedia.org/wiki/Spanish_Network_of_Excellence_on_Cybersecurity_Research",
  "Computer security compromised by hardware failure": "https://en.wikipedia.org/wiki/Computer_security_compromised_by_hardware_failure",
  "Medical data breach": "https://en.wikipedia.org/wiki/Medical_data_breach",
  "Deception technology": "https://en.wikipedia.org/wiki/Deception_technology",
  "Security-focused operating system": "https://en.wikipedia.org/wiki/List_of_security-focused_operating_systems",
  "Ware report": "https://en.wikipedia.org/wiki/Ware_report",
  "Secure element": "https://en.wikipedia.org/wiki/Secure_element",
  "Homeland Open Security Technology": "https://en.wikipedia.org/wiki/Homeland_Open_Security_Technology",
  "Adrozek": "https://en.wikipedia.org/wiki/Adrozek",
  "Cyber Ireland": "https://en.wikipedia.org/wiki/Cyber_Ireland",
  "Camfecting": "https://en.wikipedia.org/wiki/Camfecting",
  "Thunderspy": "https://en.wikipedia.org/wiki/Thunderspy",
  "Control-flow integrity": "https://en.wikipedia.org/wiki/Control-flow_integrity",
  "Insider threat": "https://en.wikipedia.org/wiki/Insider_threat",
  "Intel Management Engine": "https://en.wikipedia.org/wiki/Intel_Management_Engine",
  "Thermal attack": "https://en.wikipedia.org/wiki/Thermal_attack",
  "Cyber Storm Exercise": "https://en.wikipedia.org/wiki/Cyber_Storm_Exercise",
  "Four Horsemen of the Infocalypse": "https://en.wikipedia.org/wiki/Four_Horsemen_of_the_Infocalypse",
  "Commission on Enhancing National Cybersecurity": "https://en.wikipedia.org/wiki/Commission_on_Enhancing_National_Cybersecurity",
  "Confused deputy problem": "https://en.wikipedia.org/wiki/Confused_deputy_problem",
  "Cybersecurity engineering": "https://en.wikipedia.org/wiki/Cybersecurity_engineering",
  "Evide data breach": "https://en.wikipedia.org/wiki/Evide_data_breach",
  "High Assurance Guard": "https://en.wikipedia.org/wiki/Cross-domain_solution",
  "Resilience week": "https://en.wikipedia.org/wiki/Resilience_week",
  "Microsoft Support Diagnostic Tool": "https://en.wikipedia.org/wiki/Microsoft_Support_Diagnostic_Tool",
  "Cyber Threat Intelligence League": "https://en.wikipedia.org/wiki/Cyber_Threat_Intelligence_League",
  "Cyber Threat Intelligence Integration Center": "https://en.wikipedia.org/wiki/Cyber_Threat_Intelligence_Integration_Center",
  "CloudPassage": "https://en.wikipedia.org/wiki/CloudPassage",
  "Vanish (computer science)": "https://en.wikipedia.org/wiki/Vanish_(computer_science)",
  "WS-SecurityPolicy": "https://en.wikipedia.org/wiki/WS-SecurityPolicy",
  "Enrollment over Secure Transport": "https://en.wikipedia.org/wiki/Enrollment_over_Secure_Transport",
  "Usage of job applications by hackers": "https://en.wikipedia.org/wiki/Application_for_employment",
  "Open-source software security": "https://en.wikipedia.org/wiki/Open-source_software_security",
  "Data breach": "https://en.wikipedia.org/wiki/Data_breach",
  "Cloud computing security": "https://en.wikipedia.org/wiki/Cloud_computing_security",
  "Probiv": "https://en.wikipedia.org/wiki/Probiv",
  "National Cyber Security Policy 2013": "https://en.wikipedia.org/wiki/National_Cyber_Security_Policy_2013",
  "Zero-day vulnerability": "https://en.wikipedia.org/wiki/Zero-day_vulnerability",
  "Cybercrime": "https://en.wikipedia.org/wiki/Cybercrime",
  "Linked timestamping": "https://en.wikipedia.org/wiki/Linked_timestamping",
  "Domain fronting": "https://en.wikipedia.org/wiki/Domain_fronting",
  "Zardoz (computer security)": "https://en.wikipedia.org/wiki/Zardoz_(computer_security)",
  "Kernel Assisted Superuser": "https://en.wikipedia.org/wiki/Kernel_Assisted_Superuser",
  "IT baseline protection": "https://en.wikipedia.org/wiki/IT_baseline_protection",
  "Security.txt": "https://en.wikipedia.org/wiki/Security.txt",
  "Security switch": "https://en.wikipedia.org/wiki/Security_switch",
  "Security type system": "https://en.wikipedia.org/wiki/Security_type_system",
  "Play Integrity API": "https://en.wikipedia.org/wiki/Play_Integrity_API",
  "Risk factor (computing)": "https://en.wikipedia.org/wiki/Risk_factor_(computing)",
  "2018 Google data breach": "https://en.wikipedia.org/wiki/2018_Google_data_breach",
  "Data breach notification laws": "https://en.wikipedia.org/wiki/Data_breach_notification_laws",
  "Hacker Bible": "https://en.wikipedia.org/wiki/Hacker_Bible",
  "Outline of computer security": "https://en.wikipedia.org/wiki/Outline_of_computer_security",
  "Anomaly Detection at Multiple Scales": "https://en.wikipedia.org/wiki/Anomaly_Detection_at_Multiple_Scales",
  "Sahara Net": "https://en.wikipedia.org/wiki/Sahara_Net",
  "Trustworthy computing": "https://en.wikipedia.org/wiki/Trustworthy_computing",
  "EasyJet data breach": "https://en.wikipedia.org/wiki/EasyJet_data_breach",
  "Collaboration-oriented architecture": "https://en.wikipedia.org/wiki/Collaboration-oriented_architecture",
  "Tokenization (data security)": "https://en.wikipedia.org/wiki/Tokenization_(data_security)",
  "Knapsack problem": "https://en.wikipedia.org/wiki/Knapsack_problem",
  "Ciphertext expansion": "https://en.wikipedia.org/wiki/Ciphertext_expansion",
  "Microsoft Security Development Lifecycle": "https://en.wikipedia.org/wiki/Microsoft_Security_Development_Lifecycle",
  "Deniable encryption": "https://en.wikipedia.org/wiki/Deniable_encryption",
  "Undeniable signature": "https://en.wikipedia.org/wiki/Undeniable_signature",
  "Naor\u2013Reingold pseudorandom function": "https://en.wikipedia.org/wiki/Naor%E2%80%93Reingold_pseudorandom_function",
  "Talim (textiles)": "https://en.wikipedia.org/wiki/Talim_(textiles)",
  "Secure voice": "https://en.wikipedia.org/wiki/Secure_voice",
  "Verifiable secret sharing": "https://en.wikipedia.org/wiki/Verifiable_secret_sharing",
  "Sender Keys": "https://en.wikipedia.org/wiki/Sender_Keys",
  "Server-based signatures": "https://en.wikipedia.org/wiki/Server-based_signatures",
  "Serge Belamant": "https://en.wikipedia.org/wiki/Serge_Belamant",
  "Transparent decryption": "https://en.wikipedia.org/wiki/Transparent_decryption",
  "Cryptosystem": "https://en.wikipedia.org/wiki/Cryptosystem",
  "Branch number": "https://en.wikipedia.org/wiki/Branch_number",
  "Enhanced privacy ID": "https://en.wikipedia.org/wiki/Enhanced_privacy_ID",
  "Bus encryption": "https://en.wikipedia.org/wiki/Bus_encryption",
  "Scrambler": "https://en.wikipedia.org/wiki/Scrambler",
  "MDS matrix": "https://en.wikipedia.org/wiki/MDS_matrix",
  "Ciphertext": "https://en.wikipedia.org/wiki/Ciphertext",
  "Private set intersection": "https://en.wikipedia.org/wiki/Private_set_intersection",
  "Direct Anonymous Attestation": "https://en.wikipedia.org/wiki/Direct_Anonymous_Attestation",
  "Cryptovirology": "https://en.wikipedia.org/wiki/Cryptovirology",
  "Musical cryptogram": "https://en.wikipedia.org/wiki/Musical_cryptogram",
  "Tableau de Concordance": "https://en.wikipedia.org/wiki/Tableau_de_Concordance",
  "Snake oil (cryptography)": "https://en.wikipedia.org/wiki/Snake_oil_(cryptography)",
  "Cryptographic multilinear map": "https://en.wikipedia.org/wiki/Cryptographic_multilinear_map",
  "Decipherment": "https://en.wikipedia.org/wiki/Decipherment",
  "Proof of knowledge": "https://en.wikipedia.org/wiki/Proof_of_knowledge",
  "Secret sharing": "https://en.wikipedia.org/wiki/Secret_sharing",
  "Privilege Management Infrastructure": "https://en.wikipedia.org/wiki/Privilege_Management_Infrastructure",
  "Security through obscurity": "https://en.wikipedia.org/wiki/Security_through_obscurity",
  "Hardware random number generator": "https://en.wikipedia.org/wiki/Hardware_random_number_generator",
  "NIPRNet": "https://en.wikipedia.org/wiki/NIPRNet",
  "Harvest now, decrypt later": "https://en.wikipedia.org/wiki/Harvest_now,_decrypt_later",
  "Code (cryptography)": "https://en.wikipedia.org/wiki/Code_(cryptography)",
  "Music cipher": "https://en.wikipedia.org/wiki/Music_cipher",
  "Secure two-party computation": "https://en.wikipedia.org/wiki/Secure_two-party_computation",
  "Entropic security": "https://en.wikipedia.org/wiki/Entropic_security",
  "Forking lemma": "https://en.wikipedia.org/wiki/Forking_lemma",
  "Red/black concept": "https://en.wikipedia.org/wiki/Red/black_concept",
  "Prince (cipher)": "https://en.wikipedia.org/wiki/Prince_(cipher)",
  "Hyper-encryption": "https://en.wikipedia.org/wiki/Hyper-encryption",
  "PRESENT": "https://en.wikipedia.org/wiki/PRESENT",
  "Cryptographic Module Testing Laboratory": "https://en.wikipedia.org/wiki/Cryptographic_Module_Testing_Laboratory",
  "Pepper (cryptography)": "https://en.wikipedia.org/wiki/Pepper_(cryptography)",
  "Locally recoverable code": "https://en.wikipedia.org/wiki/Locally_recoverable_code",
  "Philco computers": "https://en.wikipedia.org/wiki/Philco_computers",
  "Encrypted function": "https://en.wikipedia.org/wiki/Encrypted_function",
  "Group key": "https://en.wikipedia.org/wiki/Group_key",
  "Database encryption": "https://en.wikipedia.org/wiki/Database_encryption",
  "HTTP Strict Transport Security": "https://en.wikipedia.org/wiki/HTTP_Strict_Transport_Security",
  "WYSIWYS": "https://en.wikipedia.org/wiki/WYSIWYS",
  "Passphrase": "https://en.wikipedia.org/wiki/Passphrase",
  "End-to-end encryption": "https://en.wikipedia.org/wiki/End-to-end_encryption",
  "Payment tokenization": "https://en.wikipedia.org/wiki/Payment_tokenization",
  "Kurzsignale": "https://en.wikipedia.org/wiki/Kurzsignale",
  "Security protocol notation": "https://en.wikipedia.org/wiki/Security_protocol_notation",
  "PURB (cryptography)": "https://en.wikipedia.org/wiki/PURB_(cryptography)",
  "EPrivacy Directive": "https://en.wikipedia.org/wiki/EPrivacy_Directive",
  "BarWatch": "https://en.wikipedia.org/wiki/BarWatch",
  "Statewatch": "https://en.wikipedia.org/wiki/Statewatch",
  "Data care": "https://en.wikipedia.org/wiki/Data_care",
  "Personal Data Privacy and Security Act of 2009": "https://en.wikipedia.org/wiki/Personal_Data_Privacy_and_Security_Act_of_2009",
  "Christopher Graham": "https://en.wikipedia.org/wiki/Christopher_Graham",
  "Privacy by design": "https://en.wikipedia.org/wiki/Privacy_by_design",
  "European Data Protection Board": "https://en.wikipedia.org/wiki/European_Data_Protection_Board",
  "Privacy settings": "https://en.wikipedia.org/wiki/Privacy_settings",
  "Data anonymization": "https://en.wikipedia.org/wiki/Data_anonymization",
  "Data Privacy Day": "https://en.wikipedia.org/wiki/Data_Privacy_Day",
  "Personal Information Protection and Electronic Documents Act": "https://en.wikipedia.org/wiki/Personal_Information_Protection_and_Electronic_Documents_Act",
  "Information Technology Rules, 2021": "https://en.wikipedia.org/wiki/Information_Technology_Rules,_2021",
  "CAcert.org": "https://en.wikipedia.org/wiki/CAcert.org",
  "Homomorphic encryption": "https://en.wikipedia.org/wiki/Homomorphic_encryption",
  "Digital Signage Federation": "https://en.wikipedia.org/wiki/Digital_Signage_Federation",
  "Genetic privacy": "https://en.wikipedia.org/wiki/Genetic_privacy",
  "Data aggregation": "https://en.wikipedia.org/wiki/Data_aggregation",
  "Robbins v. Lower Merion School District": "https://en.wikipedia.org/wiki/Robbins_v._Lower_Merion_School_District",
  "EU\u2013US Privacy Shield": "https://en.wikipedia.org/wiki/EU%E2%80%93US_Privacy_Shield",
  "General Data Protection Regulation": "https://en.wikipedia.org/wiki/General_Data_Protection_Regulation",
  "Privacy impact assessment": "https://en.wikipedia.org/wiki/Privacy_impact_assessment",
  "Register of data controllers": "https://en.wikipedia.org/wiki/Register_of_data_controllers",
  "DNS4EU": "https://en.wikipedia.org/wiki/DNS4EU",
  "Geolocation Privacy and Surveillance Act": "https://en.wikipedia.org/wiki/Geolocation_Privacy_and_Surveillance_Act",
  "Consent or pay": "https://en.wikipedia.org/wiki/Consent_or_pay",
  "Loi pour une R\u00e9publique num\u00e9rique": "https://en.wikipedia.org/wiki/Loi_pour_une_R%C3%A9publique_num%C3%A9rique",
  "Record sealing": "https://en.wikipedia.org/wiki/Record_sealing",
  "Chat Control": "https://en.wikipedia.org/wiki/Chat_Control",
  "Private biometrics": "https://en.wikipedia.org/wiki/Private_biometrics",
  "EU\u2013US Data Privacy Framework": "https://en.wikipedia.org/wiki/EU%E2%80%93US_Data_Privacy_Framework",
  "Payment Card Industry Security Standards Council": "https://en.wikipedia.org/wiki/Payment_Card_Industry_Security_Standards_Council",
  "EPrivacy Regulation": "https://en.wikipedia.org/wiki/EPrivacy_Regulation",
  "Web browsing history": "https://en.wikipedia.org/wiki/Web_browsing_history",
  "Information officer": "https://en.wikipedia.org/wiki/Information_officer",
  "Habeas data": "https://en.wikipedia.org/wiki/Habeas_data",
  "Exponential mechanism": "https://en.wikipedia.org/wiki/Exponential_mechanism",
  "Data Protection Act 2018": "https://en.wikipedia.org/wiki/Data_Protection_Act_2018",
  "NOYB": "https://en.wikipedia.org/wiki/NOYB",
  "Personal Data Protection Bill, 2019": "https://en.wikipedia.org/wiki/Personal_Data_Protection_Bill,_2019",
  "PASS ID": "https://en.wikipedia.org/wiki/PASS_ID",
  "Adversarial stylometry": "https://en.wikipedia.org/wiki/Adversarial_stylometry",
  "The Clean Network": "https://en.wikipedia.org/wiki/The_Clean_Network",
  "Medical transcription": "https://en.wikipedia.org/wiki/Medical_transcription",
  "Passenger name record": "https://en.wikipedia.org/wiki/Passenger_name_record",
  "Consent management": "https://en.wikipedia.org/wiki/Consent_management",
  "Payment card industry": "https://en.wikipedia.org/wiki/Payment_card_industry",
  "Data Protection Act, 2012": "https://en.wikipedia.org/wiki/Data_Protection_Act,_2012",
  "Declassification": "https://en.wikipedia.org/wiki/Declassification",
  "Law on the fight against terrorism": "https://en.wikipedia.org/wiki/Law_on_the_fight_against_terrorism",
  "Trustworthy AI": "https://en.wikipedia.org/wiki/Trustworthy_AI",
  "Airport privacy": "https://en.wikipedia.org/wiki/Airport_privacy",
  "Information privacy": "https://en.wikipedia.org/wiki/Information_privacy",
  "Local differential privacy": "https://en.wikipedia.org/wiki/Local_differential_privacy",
  "Payment Card Industry Data Security Standard": "https://en.wikipedia.org/wiki/Payment_Card_Industry_Data_Security_Standard",
  "International Principles on the Application of Human Rights to Communications Surveillance": "https://en.wikipedia.org/wiki/International_Principles_on_the_Application_of_Human_Rights_to_Communications_Surveillance",
  "Barnardisation": "https://en.wikipedia.org/wiki/Barnardisation",
  "Privacy Act (Canada)": "https://en.wikipedia.org/wiki/Privacy_Act_(Canada)",
  "Ghana Internet Policy": "https://en.wikipedia.org/wiki/Ghana_Internet_Policy",
  "Data Protection Directive": "https://en.wikipedia.org/wiki/Data_Protection_Directive",
  "Security vetting in the United Kingdom": "https://en.wikipedia.org/wiki/Security_vetting_in_the_United_Kingdom",
  "Maill\u00e9 affair": "https://en.wikipedia.org/wiki/Maill%C3%A9_affair",
  "Trusted Information Security Assessment Exchange": "https://en.wikipedia.org/wiki/Trusted_Information_Security_Assessment_Exchange",
  "Traffic Light Protocol": "https://en.wikipedia.org/wiki/Traffic_Light_Protocol",
  "Silverfort": "https://en.wikipedia.org/wiki/Silverfort",
  "Deputy Director of the CIA for Operations": "https://en.wikipedia.org/wiki/Deputy_Director_of_the_CIA_for_Operations",
  "Brad Haines": "https://en.wikipedia.org/wiki/Brad_Haines",
  "Titan Rain": "https://en.wikipedia.org/wiki/Titan_Rain",
  "Vetting": "https://en.wikipedia.org/wiki/Vetting",
  "WikiLeaks": "https://en.wikipedia.org/wiki/WikiLeaks",
  "Swedish Military Intelligence and Security Service": "https://en.wikipedia.org/wiki/Swedish_Military_Intelligence_and_Security_Service",
  "Inter-Services Intelligence": "https://en.wikipedia.org/wiki/Inter-Services_Intelligence",
  "Research & Analysis Wing": "https://en.wikipedia.org/wiki/Research_%26_Analysis_Wing",
  "The Memory Hole (website)": "https://en.wikipedia.org/wiki/The_Memory_Hole_(website)",
  "Biometric passport": "https://en.wikipedia.org/wiki/Biometric_passport",
  "Data clean room": "https://en.wikipedia.org/wiki/Data_clean_room",
  "Security Policy Framework": "https://en.wikipedia.org/wiki/Security_Policy_Framework",
  "Foreign relations of Myanmar": "https://en.wikipedia.org/wiki/Foreign_relations_of_Myanmar",
  "Information sensitivity": "https://en.wikipedia.org/wiki/Information_sensitivity",
  "Aviation Research Centre": "https://en.wikipedia.org/wiki/Aviation_Research_Centre",
  "List of United States Supreme Court leaks": "https://en.wikipedia.org/wiki/List_of_United_States_Supreme_Court_leaks",
  "National Security System": "https://en.wikipedia.org/wiki/National_Security_System",
  "Polycarbonate e-passport": "https://en.wikipedia.org/wiki/Polycarbonate_e-passport",
  "Stegomalware": "https://en.wikipedia.org/wiki/Stegomalware",
  "Non-disclosure agreement": "https://en.wikipedia.org/wiki/Non-disclosure_agreement",
  "Government Security Classifications Policy": "https://en.wikipedia.org/wiki/Government_Security_Classifications_Policy",
  "MuckRock": "https://en.wikipedia.org/wiki/MuckRock",
  "Stalkerware": "https://en.wikipedia.org/wiki/Stalkerware",
  "Cyber espionage on universities": "https://en.wikipedia.org/wiki/Cyber_espionage_on_universities",
  "Highly Evasive Adaptive Threat": "https://en.wikipedia.org/wiki/Highly_Evasive_Adaptive_Threat",
  "Savukku": "https://en.wikipedia.org/wiki/Savukku",
  "Cryptome": "https://en.wikipedia.org/wiki/Cryptome",
  "Director of Security of the Defense Establishment": "https://en.wikipedia.org/wiki/Director_of_Security_of_the_Defense_Establishment",
  "Classified information": "https://en.wikipedia.org/wiki/Classified_information",
  "Cyber espionage": "https://en.wikipedia.org/wiki/Cyber_espionage",
  "Directorate General of Forces Intelligence": "https://en.wikipedia.org/wiki/Directorate_General_of_Forces_Intelligence",
  "Parkerian Hexad": "https://en.wikipedia.org/wiki/Parkerian_Hexad",
  "Hush money": "https://en.wikipedia.org/wiki/Hush_money",
  "Parler": "https://en.wikipedia.org/wiki/Parler",
  "ODIN Intelligence": "https://en.wikipedia.org/wiki/ODIN_Intelligence",
  "Perceptics": "https://en.wikipedia.org/wiki/Perceptics",
  "2022\u20132023 Pentagon document leaks": "https://en.wikipedia.org/wiki/2022%E2%80%932023_Pentagon_document_leaks",
  "Anonymous and the Russian invasion of Ukraine": "https://en.wikipedia.org/wiki/Anonymous_and_the_Russian_invasion_of_Ukraine",
  "BlueLeaks": "https://en.wikipedia.org/wiki/BlueLeaks",
  "2021 Epik data breach": "https://en.wikipedia.org/wiki/2021_Epik_data_breach",
  "Distributed Denial of Secrets": "https://en.wikipedia.org/wiki/Distributed_Denial_of_Secrets",
  "Emma Best (journalist)": "https://en.wikipedia.org/wiki/Emma_Best_(journalist)",
  "Formations House": "https://en.wikipedia.org/wiki/Formations_House",
  "List of material published by Distributed Denial of Secrets": "https://en.wikipedia.org/wiki/List_of_material_published_by_Distributed_Denial_of_Secrets",
  "Cyprus Confidential": "https://en.wikipedia.org/wiki/Cyprus_Confidential",
  "Gab (social network)": "https://en.wikipedia.org/wiki/Gab_(social_network)",
  "MySecureCyberspace": "https://en.wikipedia.org/wiki/MySecureCyberspace",
  "Parental controls": "https://en.wikipedia.org/wiki/Parental_controls",
  "DShield": "https://en.wikipedia.org/wiki/DShield",
  "Lightspeed Systems": "https://en.wikipedia.org/wiki/Lightspeed_Systems",
  "Enough Is Enough (US organization)": "https://en.wikipedia.org/wiki/Enough_Is_Enough_(US_organization)",
  "ComputerCop": "https://en.wikipedia.org/wiki/ComputerCop",
  "Woogi World": "https://en.wikipedia.org/wiki/Woogi_World",
  "Smart Sheriff": "https://en.wikipedia.org/wiki/Smart_Sheriff",
  "Child Exploitation and Online Protection Command": "https://en.wikipedia.org/wiki/Child_Exploitation_and_Online_Protection_Command",
  "Security hacker": "https://en.wikipedia.org/wiki/Security_hacker",
  "Secure transmission": "https://en.wikipedia.org/wiki/Secure_transmission",
  "Operations security": "https://en.wikipedia.org/wiki/Operations_security",
  "Trust Domain Extensions": "https://en.wikipedia.org/wiki/Trust_Domain_Extensions",
  "Trust on first use": "https://en.wikipedia.org/wiki/Trust_on_first_use",
  "Open security": "https://en.wikipedia.org/wiki/Open_security",
  "Opal Storage Specification": "https://en.wikipedia.org/wiki/Opal_Storage_Specification",
  "Computer security incident management": "https://en.wikipedia.org/wiki/Computer_security_incident_management",
  "Security of the Java software platform": "https://en.wikipedia.org/wiki/Security_of_the_Java_software_platform",
  "Trademark (computer security)": "https://en.wikipedia.org/wiki/Trademark_(computer_security)",
  "Runtime application self-protection": "https://en.wikipedia.org/wiki/Runtime_application_self-protection",
  "Language-based security": "https://en.wikipedia.org/wiki/Language-based_security",
  "BlueBorne (security vulnerability)": "https://en.wikipedia.org/wiki/BlueBorne_(security_vulnerability)",
  "PRODIGAL": "https://en.wikipedia.org/wiki/PRODIGAL",
  "Resilient control systems": "https://en.wikipedia.org/wiki/Resilient_control_systems",
  "Shadow stack": "https://en.wikipedia.org/wiki/Shadow_stack",
  "Trusted client": "https://en.wikipedia.org/wiki/Trusted_client",
  "Parasitic computing": "https://en.wikipedia.org/wiki/Parasitic_computing",
  "Biometric device": "https://en.wikipedia.org/wiki/Biometric_device",
  "Service account": "https://en.wikipedia.org/wiki/Service_account",
  "Model-driven security": "https://en.wikipedia.org/wiki/Model-driven_security",
  "Footprinting": "https://en.wikipedia.org/wiki/Footprinting",
  "Access level": "https://en.wikipedia.org/wiki/Access_level",
  "Reverse engineering": "https://en.wikipedia.org/wiki/Reverse_engineering",
  "Security testing": "https://en.wikipedia.org/wiki/Security_testing",
  "Hardware security": "https://en.wikipedia.org/wiki/Hardware_security",
  "ERP security": "https://en.wikipedia.org/wiki/ERP_security",
  "Mark of the Web": "https://en.wikipedia.org/wiki/Mark_of_the_Web",
  "Tunneling protocol": "https://en.wikipedia.org/wiki/Tunneling_protocol",
  "Software-defined perimeter": "https://en.wikipedia.org/wiki/Software-defined_perimeter",
  "Kill pill": "https://en.wikipedia.org/wiki/Kill_pill",
  "Network security": "https://en.wikipedia.org/wiki/Network_security",
  "Network behavior anomaly detection": "https://en.wikipedia.org/wiki/Network_behavior_anomaly_detection",
  "Blue team (computer security)": "https://en.wikipedia.org/wiki/Blue_team_(computer_security)",
  "Privacy4Cars": "https://en.wikipedia.org/wiki/Privacy4Cars",
  "Principle of least privilege": "https://en.wikipedia.org/wiki/Principle_of_least_privilege",
  "Relying party": "https://en.wikipedia.org/wiki/Relying_party",
  "Software Guard Extensions": "https://en.wikipedia.org/wiki/Software_Guard_Extensions",
  "Seccomp": "https://en.wikipedia.org/wiki/Seccomp",
  "Proof-carrying code": "https://en.wikipedia.org/wiki/Proof-carrying_code",
  "ITIL security management": "https://en.wikipedia.org/wiki/ITIL_security_management",
  "Electronic identification": "https://en.wikipedia.org/wiki/Electronic_identification",
  "Electronic signatures and law": "https://en.wikipedia.org/wiki/Electronic_signatures_and_law",
  "Electronic Signatures Directive": "https://en.wikipedia.org/wiki/Electronic_Signatures_Directive",
  "EIDAS": "https://en.wikipedia.org/wiki/EIDAS",
  "Electronic health record": "https://en.wikipedia.org/wiki/Electronic_health_record",
  "Electronic signature": "https://en.wikipedia.org/wiki/Electronic_signature",
  "Fiat\u2013Shamir heuristic": "https://en.wikipedia.org/wiki/Fiat%E2%80%93Shamir_heuristic",
  "Digital signature forgery": "https://en.wikipedia.org/wiki/Digital_signature_forgery",
  "Digital signature": "https://en.wikipedia.org/wiki/Digital_signature",
  "Digital signature in Estonia": "https://en.wikipedia.org/wiki/Digital_signature_in_Estonia",
  "Lamport signature": "https://en.wikipedia.org/wiki/Lamport_signature",
  "BLS digital signature": "https://en.wikipedia.org/wiki/BLS_digital_signature",
  "EdDSA": "https://en.wikipedia.org/wiki/EdDSA",
  "PKCS 1": "https://en.wikipedia.org/wiki/PKCS_1",
  "GGH signature scheme": "https://en.wikipedia.org/wiki/GGH_signature_scheme",
  "Elliptic Curve Digital Signature Algorithm": "https://en.wikipedia.org/wiki/Elliptic_Curve_Digital_Signature_Algorithm",
  "KCDSA": "https://en.wikipedia.org/wiki/KCDSA",
  "Merkle signature scheme": "https://en.wikipedia.org/wiki/Merkle_signature_scheme",
  "Quantum digital signature": "https://en.wikipedia.org/wiki/Quantum_digital_signature"
}