{
"Scytale": "https://en.wikipedia.org/wiki/Scytale",
"Grille (cryptography)": "https://en.wikipedia.org/wiki/Grille_(cryptography)",
"Permutation cipher": "https://en.wikipedia.org/wiki/Permutation_cipher",
"VIC cipher": "https://en.wikipedia.org/wiki/VIC_cipher",
"A5/1": "https://en.wikipedia.org/wiki/A5/1",
"A5/2": "https://en.wikipedia.org/wiki/A5/2",
"FISH (cipher)": "https://en.wikipedia.org/wiki/FISH_(cipher)",
"Fish (cryptography)": "https://en.wikipedia.org/wiki/Fish_(cryptography)",
"Geheimfernschreiber": "https://en.wikipedia.org/wiki/Geheimfernschreiber",
"Sturgeon (cryptography)": "https://en.wikipedia.org/wiki/Sturgeon_(cryptography)",
"Bletchley Park": "https://en.wikipedia.org/wiki/Bletchley_Park",
"Pike (cipher)": "https://en.wikipedia.org/wiki/Pike_(cipher)",
"Ross J. Anderson": "https://en.wikipedia.org/wiki/Ross_J._Anderson",
"Lorenz cipher": "https://en.wikipedia.org/wiki/Lorenz_cipher",
"C. Lorenz AG": "https://en.wikipedia.org/wiki/C._Lorenz_AG",
"ISAAC (cipher)": "https://en.wikipedia.org/wiki/ISAAC_(cipher)",
"Leviathan (cipher)": "https://en.wikipedia.org/wiki/Leviathan_(cipher)",
"LILI-128": "https://en.wikipedia.org/wiki/LILI-128",
"MUGI": "https://en.wikipedia.org/wiki/MUGI",
"CRYPTREC": "https://en.wikipedia.org/wiki/CRYPTREC",
"MULTI-S01": "https://en.wikipedia.org/wiki/MULTI-S01",
"One-time pad": "https://en.wikipedia.org/wiki/One-time_pad",
"Panama (cipher)": "https://en.wikipedia.org/wiki/Panama_(cipher)",
"RC4 (cipher)": "https://en.wikipedia.org/wiki/RC4_(cipher)",
"Initialization vector": "https://en.wikipedia.org/wiki/Initialization_vector",
"CipherSaber": "https://en.wikipedia.org/wiki/CipherSaber",
"Salsa20": "https://en.wikipedia.org/wiki/Salsa20",
"ESTREAM": "https://en.wikipedia.org/wiki/ESTREAM",
"ChaCha20": "https://en.wikipedia.org/wiki/ChaCha20",
"SEAL (cipher)": "https://en.wikipedia.org/wiki/SEAL_(cipher)",
"SNOW": "https://en.wikipedia.org/wiki/SNOW",
"WAKE (cipher)": "https://en.wikipedia.org/wiki/WAKE_(cipher)",
"Product cipher": "https://en.wikipedia.org/wiki/Product_cipher",
"Feistel cipher": "https://en.wikipedia.org/wiki/Feistel_cipher",
"Horst Feistel": "https://en.wikipedia.org/wiki/Horst_Feistel",
"Advanced Encryption Standard": "https://en.wikipedia.org/wiki/Advanced_Encryption_Standard",
"Joan Daemen": "https://en.wikipedia.org/wiki/Joan_Daemen",
"Vincent Rijmen": "https://en.wikipedia.org/wiki/Vincent_Rijmen",
"Anubis (cipher)": "https://en.wikipedia.org/wiki/Anubis_(cipher)",
"BEAR (cipher)": "https://en.wikipedia.org/wiki/BEAR_(cipher)",
"Blowfish (cipher)": "https://en.wikipedia.org/wiki/Blowfish_(cipher)",
"Bruce Schneier": "https://en.wikipedia.org/wiki/Bruce_Schneier",
"Camellia (cipher)": "https://en.wikipedia.org/wiki/Camellia_(cipher)",
"CAST-128": "https://en.wikipedia.org/wiki/CAST-128",
"CAST5": "https://en.wikipedia.org/wiki/CAST5",
"Carlisle Adams": "https://en.wikipedia.org/wiki/Carlisle_Adams",
"Stafford Tavares": "https://en.wikipedia.org/wiki/Stafford_Tavares",
"CAST-256": "https://en.wikipedia.org/wiki/CAST-256",
"CAST6": "https://en.wikipedia.org/wiki/CAST6",
"CIPHERUNICORN-A": "https://en.wikipedia.org/wiki/CIPHERUNICORN-A",
"CIPHERUNICORN-E": "https://en.wikipedia.org/wiki/CIPHERUNICORN-E",
"CMEA (cipher)": "https://en.wikipedia.org/wiki/CMEA_(cipher)",
"CS-Cipher": "https://en.wikipedia.org/wiki/CS-Cipher",
"Data Encryption Standard": "https://en.wikipedia.org/wiki/Data_Encryption_Standard",
"DEAL": "https://en.wikipedia.org/wiki/DEAL",
"DES-X": "https://en.wikipedia.org/wiki/DES-X",
"FEAL": "https://en.wikipedia.org/wiki/FEAL",
"GDES": "https://en.wikipedia.org/wiki/GDES",
"Grand Cru (cipher)": "https://en.wikipedia.org/wiki/Grand_Cru_(cipher)",
"Hierocrypt-3": "https://en.wikipedia.org/wiki/Hierocrypt-3",
"Hierocrypt-L1": "https://en.wikipedia.org/wiki/Hierocrypt-L1",
"IDEA NXT": "https://en.wikipedia.org/wiki/IDEA_NXT",
"International Data Encryption Algorithm": "https://en.wikipedia.org/wiki/International_Data_Encryption_Algorithm",
"Iraqi Block Cipher": "https://en.wikipedia.org/wiki/Iraqi_Block_Cipher",
"KASUMI (block cipher)": "https://en.wikipedia.org/wiki/KASUMI_(block_cipher)",
"MISTY1": "https://en.wikipedia.org/wiki/MISTY1",
"W-CDMA": "https://en.wikipedia.org/wiki/W-CDMA",
"Khufu and Khafre": "https://en.wikipedia.org/wiki/Khufu_and_Khafre",
"Kuznyechik": "https://en.wikipedia.org/wiki/Kuznyechik",
"LION (cipher)": "https://en.wikipedia.org/wiki/LION_(cipher)",
"LOKI": "https://en.wikipedia.org/wiki/LOKI",
"LOKI97": "https://en.wikipedia.org/wiki/LOKI97",
"Lucifer (cipher)": "https://en.wikipedia.org/wiki/Lucifer_(cipher)",
"MAGENTA": "https://en.wikipedia.org/wiki/MAGENTA",
"Mars (cipher)": "https://en.wikipedia.org/wiki/Mars_(cipher)",
"Don Coppersmith": "https://en.wikipedia.org/wiki/Don_Coppersmith",
"Nimbus (cipher)": "https://en.wikipedia.org/wiki/Nimbus_(cipher)",
"NOEKEON": "https://en.wikipedia.org/wiki/NOEKEON",
"NUSH": "https://en.wikipedia.org/wiki/NUSH",
"Q (cipher)": "https://en.wikipedia.org/wiki/Q_(cipher)",
"RC2": "https://en.wikipedia.org/wiki/RC2",
"RC6": "https://en.wikipedia.org/wiki/RC6",
"Ron Rivest": "https://en.wikipedia.org/wiki/Ron_Rivest",
"RC5": "https://en.wikipedia.org/wiki/RC5",
"SAFER": "https://en.wikipedia.org/wiki/SAFER",
"SC2000": "https://en.wikipedia.org/wiki/SC2000",
"Serpent (cipher)": "https://en.wikipedia.org/wiki/Serpent_(cipher)",
"Eli Biham": "https://en.wikipedia.org/wiki/Eli_Biham",
"Lars Knudsen": "https://en.wikipedia.org/wiki/Lars_Knudsen",
"SHACAL-1": "https://en.wikipedia.org/wiki/SHACAL-1",
"SHACAL-2": "https://en.wikipedia.org/wiki/SHACAL-2",
"Shark (cipher)": "https://en.wikipedia.org/wiki/Shark_(cipher)",
"Rijndael": "https://en.wikipedia.org/wiki/Rijndael",
"Square (cipher)": "https://en.wikipedia.org/wiki/Square_(cipher)",
"TEA": "https://en.wikipedia.org/wiki/TEA",
"Tiny Encryption Algorithm": "https://en.wikipedia.org/wiki/Tiny_Encryption_Algorithm",
"David Wheeler (computer scientist)": "https://en.wikipedia.org/wiki/David_Wheeler_(computer_scientist)",
"Roger Needham": "https://en.wikipedia.org/wiki/Roger_Needham",
"Triple DES": "https://en.wikipedia.org/wiki/Triple_DES",
"Walter Tuchman": "https://en.wikipedia.org/wiki/Walter_Tuchman",
"Twofish": "https://en.wikipedia.org/wiki/Twofish",
"XTEA": "https://en.wikipedia.org/wiki/XTEA",
"3-Way": "https://en.wikipedia.org/wiki/3-Way",
"Enigma (machine)": "https://en.wikipedia.org/wiki/Enigma_(machine)",
"Purple code": "https://en.wikipedia.org/wiki/Purple_code",
"SIGABA": "https://en.wikipedia.org/wiki/SIGABA",
"William Friedman": "https://en.wikipedia.org/wiki/William_Friedman",
"Frank Rowlett": "https://en.wikipedia.org/wiki/Frank_Rowlett",
"TypeX": "https://en.wikipedia.org/wiki/TypeX",
"JN-25": "https://en.wikipedia.org/wiki/JN-25",
"ACE Encrypt": "https://en.wikipedia.org/wiki/ACE_Encrypt",
"Diffie-Hellman": "https://en.wikipedia.org/wiki/Diffie-Hellman",
"El Gamal": "https://en.wikipedia.org/wiki/El_Gamal",
"ECIES": "https://en.wikipedia.org/wiki/ECIES",
"ECDH": "https://en.wikipedia.org/wiki/ECDH",
"Kyber": "https://en.wikipedia.org/wiki/Kyber",
"McEliece cryptosystem": "https://en.wikipedia.org/wiki/McEliece_cryptosystem",
"Niederreiter cryptosystem": "https://en.wikipedia.org/wiki/Niederreiter_cryptosystem",
"NTRUEncrypt": "https://en.wikipedia.org/wiki/NTRUEncrypt",
"RSA-OAEP": "https://en.wikipedia.org/wiki/RSA-OAEP",
"Rabin signature": "https://en.wikipedia.org/wiki/Rabin_signature",
"Paillier cryptosystem": "https://en.wikipedia.org/wiki/Paillier_cryptosystem",
"Threshold cryptosystem": "https://en.wikipedia.org/wiki/Threshold_cryptosystem",
"XTR": "https://en.wikipedia.org/wiki/XTR",
"Key authentication": "https://en.wikipedia.org/wiki/Key_authentication",
"Weak key": "https://en.wikipedia.org/wiki/Weak_key",
"Keyed-hash message authentication code": "https://en.wikipedia.org/wiki/Keyed-hash_message_authentication_code",
"CBC-MAC": "https://en.wikipedia.org/wiki/CBC-MAC",
"HMAC": "https://en.wikipedia.org/wiki/HMAC",
"ISO/IEC 9797-1": "https://en.wikipedia.org/wiki/ISO/IEC_9797-1",
"FIPS PUB 113": "https://en.wikipedia.org/wiki/FIPS_PUB_113",
"UMAC (cryptography)": "https://en.wikipedia.org/wiki/UMAC_(cryptography)",
"Oblivious Pseudorandom Function": "https://en.wikipedia.org/wiki/Oblivious_Pseudorandom_Function",
"Streebog": "https://en.wikipedia.org/wiki/Streebog",
"GOST": "https://en.wikipedia.org/wiki/GOST",
"RIPEMD-160": "https://en.wikipedia.org/wiki/RIPEMD-160",
"Tiger (hash function)": "https://en.wikipedia.org/wiki/Tiger_(hash_function)",
"Snefru (cryptography)": "https://en.wikipedia.org/wiki/Snefru_(cryptography)",
"Whirlpool (algorithm)": "https://en.wikipedia.org/wiki/Whirlpool_(algorithm)",
"Birthday attack": "https://en.wikipedia.org/wiki/Birthday_attack",
"Man-in-the-middle attack": "https://en.wikipedia.org/wiki/Man-in-the-middle_attack",
"Replay attack": "https://en.wikipedia.org/wiki/Replay_attack",
"Black-bag cryptanalysis": "https://en.wikipedia.org/wiki/Black-bag_cryptanalysis",
"Rubber-hose cryptanalysis": "https://en.wikipedia.org/wiki/Rubber-hose_cryptanalysis",
"Random oracle": "https://en.wikipedia.org/wiki/Random_oracle",
"Ciphertext indistinguishability": "https://en.wikipedia.org/wiki/Ciphertext_indistinguishability",
"Semantic security": "https://en.wikipedia.org/wiki/Semantic_security",
"Malleability (cryptography)": "https://en.wikipedia.org/wiki/Malleability_(cryptography)",
"Forward secrecy": "https://en.wikipedia.org/wiki/Forward_secrecy",
"Forward anonymity": "https://en.wikipedia.org/wiki/Forward_anonymity",
"Freshness (cryptography)": "https://en.wikipedia.org/wiki/Freshness_(cryptography)",
"Kerckhoffs's principle": "https://en.wikipedia.org/wiki/Kerckhoffs's_principle",
"AACS encryption key controversy": "https://en.wikipedia.org/wiki/AACS_encryption_key_controversy",
"DeCSS": "https://en.wikipedia.org/wiki/DeCSS",
"Key escrow": "https://en.wikipedia.org/wiki/Key_escrow",
"Clipper Chip": "https://en.wikipedia.org/wiki/Clipper_Chip",
"Journal of Cryptology": "https://en.wikipedia.org/wiki/Journal_of_Cryptology",
"Encyclopedia of Cryptography and Security": "https://en.wikipedia.org/wiki/Encyclopedia_of_Cryptography_and_Security",
"Cryptologia": "https://en.wikipedia.org/wiki/Cryptologia",
"Communication Theory of Secrecy Systems": "https://en.wikipedia.org/wiki/Communication_Theory_of_Secrecy_Systems",
"International Association for Cryptologic Research": "https://en.wikipedia.org/wiki/International_Association_for_Cryptologic_Research",
"Security engineering": "https://en.wikipedia.org/wiki/Security_engineering",
"Knowledge-based authentication": "https://en.wikipedia.org/wiki/Knowledge-based_authentication",
"Integrated Windows Authentication": "https://en.wikipedia.org/wiki/Integrated_Windows_Authentication",
"Password length parameter": "https://en.wikipedia.org/wiki/Password_length_parameter",
"Spear phishing": "https://en.wikipedia.org/wiki/Spear_phishing",
"Password sharing": "https://en.wikipedia.org/wiki/Password_sharing",
"Password cracking": "https://en.wikipedia.org/wiki/Password_cracking",
"Software cracking": "https://en.wikipedia.org/wiki/Software_cracking",
"Script kiddie": "https://en.wikipedia.org/wiki/Script_kiddie",
"Hard disk drive failure": "https://en.wikipedia.org/wiki/Hard_disk_drive_failure",
"Cyber spying": "https://en.wikipedia.org/wiki/Cyber_spying",
"Lawful interception": "https://en.wikipedia.org/wiki/Lawful_interception",
"War driving": "https://en.wikipedia.org/wiki/War_driving",
"Packet analyzer": "https://en.wikipedia.org/wiki/Packet_analyzer",
"Trojan horse (computing)": "https://en.wikipedia.org/wiki/Trojan_horse_(computing)",
"Keylogger": "https://en.wikipedia.org/wiki/Keylogger",
"Rootkit": "https://en.wikipedia.org/wiki/Rootkit",
"Open port": "https://en.wikipedia.org/wiki/Open_port",
"Zero-day attack": "https://en.wikipedia.org/wiki/Zero-day_attack",
"Next-Generation Firewall": "https://en.wikipedia.org/wiki/Next-Generation_Firewall",
"Virtual firewall": "https://en.wikipedia.org/wiki/Virtual_firewall",
"Stateful firewall": "https://en.wikipedia.org/wiki/Stateful_firewall",
"Context-based access control": "https://en.wikipedia.org/wiki/Context-based_access_control",
"Dual-homed": "https://en.wikipedia.org/wiki/Dual-homed",
"IPFilter": "https://en.wikipedia.org/wiki/IPFilter",
"ZoneAlarm": "https://en.wikipedia.org/wiki/ZoneAlarm",
"Five safes": "https://en.wikipedia.org/wiki/Five_safes",
"L-diversity": "https://en.wikipedia.org/wiki/L-diversity",
"Unicity (data analysis)": "https://en.wikipedia.org/wiki/Unicity_(data_analysis)",
"Unisex changing rooms": "https://en.wikipedia.org/wiki/Unisex_changing_rooms",
"Virtru": "https://en.wikipedia.org/wiki/Virtru",
"Visual privacy": "https://en.wikipedia.org/wiki/Visual_privacy",
"Truth & Transparency Foundation": "https://en.wikipedia.org/w/api.php/Truth_%26_Transparency_Foundation",
"Extended Access Control": "https://en.wikipedia.org/w/api.php/Extended_Access_Control",
"Privacy protocol": "https://en.wikipedia.org/w/api.php/Privacy_protocol",
"Short Weather Cipher": "https://en.wikipedia.org/w/api.php/Short_Weather_Cipher",
"Anonymous matching": "https://en.wikipedia.org/w/api.php/Anonymous_matching",
"Correlation immunity": "https://en.wikipedia.org/w/api.php/Correlation_immunity",
"Cyberwarfare": "https://en.wikipedia.org/w/api.php/Cyberwarfare"
}